{
  "kind": "Template",
  "apiVersion": "v1",
  "metadata": {
    "name": "nodejs-mongodb-example",
    "annotations": {
      "description": "An example Node.js application with a MongoDB database",
      "tags": "instant-app,nodejs,mongodb",
      "iconClass": "icon-nodejs"
    }
  },
  "labels": {
    "template": "nodejs-mongodb-example"
  },
  "objects": [
    {
      "kind": "Service",
      "apiVersion": "v1",
      "metadata": {
        "name": "nodejs-mongodb-example",
        "annotations": {
          "description": "Exposes and load balances the application pods"
        }
      },
      "spec": {
        "ports": [
          {
            "name": "web",
            "port": 8080,
            "targetPort": 8080
          }
        ],
        "selector": {
          "name": "nodejs-mongodb-example"
        }
      }
    },
    {
      "kind": "Route",
      "apiVersion": "v1",
      "metadata": {
        "name": "nodejs-mongodb-example"
      },
      "spec": {
        "host": "${APPLICATION_DOMAIN}",
        "to": {
          "kind": "Service",
          "name": "nodejs-mongodb-example"
        }
      }
    },
    {
      "kind": "ImageStream",
      "apiVersion": "v1",
      "metadata": {
        "name": "nodejs-mongodb-example",
        "annotations": {
          "description": "Keeps track of changes in the application image"
        }
      }
    },
    {
      "kind": "BuildConfig",
      "apiVersion": "v1",
      "metadata": {
        "name": "nodejs-mongodb-example",
        "annotations": {
          "description": "Defines how to build the application"
        }
      },
      "spec": {
        "source": {
          "type": "Git",
          "git": {
            "uri": "${SOURCE_REPOSITORY_URL}",
            "ref": "${SOURCE_REPOSITORY_REF}"
          },
          "contextDir": "${CONTEXT_DIR}"
        },
        "strategy": {
          "type": "Source",
          "sourceStrategy": {
            "from": {
              "kind": "ImageStreamTag",
              "namespace": "openshift",
              "name": "nodejs:0.10"
            }
          }
        },
        "output": {
          "to": {
            "kind": "ImageStreamTag",
            "name": "nodejs-mongodb-example:latest"
          }
        },
        "triggers": [
          {
            "type": "ImageChange"
          },
          {
            "type": "ConfigChange"
          },
          {
            "type": "GitHub",
            "github": {
              "secret": "${GITHUB_WEBHOOK_SECRET}"
            }
          },
          {
            "type": "Generic",
            "generic": {
              "secret": "${GENERIC_WEBHOOK_SECRET}"
            }
          }
        ]
      }
    },
    {
      "kind": "DeploymentConfig",
      "apiVersion": "v1",
      "metadata": {
        "name": "nodejs-mongodb-example",
        "annotations": {
          "description": "Defines how to deploy the application server"
        }
      },
      "spec": {
        "strategy": {
          "type": "Rolling"
        },
        "triggers": [
          {
            "type": "ImageChange",
            "imageChangeParams": {
              "automatic": true,
              "containerNames": [
                "nodejs-mongodb-example"
              ],
              "from": {
                "kind": "ImageStreamTag",
                "name": "nodejs-mongodb-example:latest"
              }
            }
          },
          {
            "type": "ConfigChange"
          }
        ],
        "replicas": 1,
        "selector": {
          "name": "nodejs-mongodb-example"
        },
        "template": {
          "metadata": {
            "name": "nodejs-mongodb-example",
            "labels": {
              "name": "nodejs-mongodb-example"
            }
          },
          "spec": {
            "containers": [
              {
                "name": "nodejs-mongodb-example",
                "image": "nodejs-mongodb-example",
                "ports": [
                  {
                    "containerPort": 8080
                  }
                ],
                "env": [
                  {
                    "name": "DATABASE_SERVICE_NAME",
                    "value": "${DATABASE_SERVICE_NAME}"
                  },
                  {
                    "name": "MONGODB_USER",
                    "value": "${DATABASE_USER}"
                  },
                  {
                    "name": "MONGODB_PASSWORD",
                    "value": "${DATABASE_PASSWORD}"
                  },
                  {
                    "name": "MONGODB_DATABASE",
                    "value": "${DATABASE_NAME}"
                  },
                  {
                    "name": "MONGODB_ADMIN_PASSWORD",
                    "value": "${DATABASE_ADMIN_PASSWORD}"
                  }
                ]
              }
            ]
          }
        }
      }
    },
    {
      "kind": "Service",
      "apiVersion": "v1",
      "metadata": {
        "name": "${DATABASE_SERVICE_NAME}",
        "annotations": {
          "description": "Exposes the database server"
        }
      },
      "spec": {
        "ports": [
          {
            "name": "mongodb",
            "port": 27017,
            "targetPort": 27017
          }
        ],
        "selector": {
          "name": "${DATABASE_SERVICE_NAME}"
        }
      }
    },
    {
      "kind": "DeploymentConfig",
      "apiVersion": "v1",
      "metadata": {
        "name": "${DATABASE_SERVICE_NAME}",
        "annotations": {
          "description": "Defines how to deploy the database"
        }
      },
      "spec": {
        "strategy": {
          "type": "Recreate"
        },
        "triggers": [
          {
            "type": "ImageChange",
            "imageChangeParams": {
              "automatic": false,
              "containerNames": [
                "mongodb"
              ],
              "from": {
                "kind": "ImageStreamTag",
                "namespace": "openshift",
                "name": "mongodb:2.6"
              }
            }
          },
          {
            "type": "ConfigChange"
          }
        ],
        "replicas": 1,
        "selector": {
          "name": "${DATABASE_SERVICE_NAME}"
        },
        "template": {
          "metadata": {
            "name": "${DATABASE_SERVICE_NAME}",
            "labels": {
              "name": "${DATABASE_SERVICE_NAME}"
            }
          },
          "spec": {
            "containers": [
              {
                "name": "mongodb",
                "image": "mongodb",
                "ports": [
                  {
                    "containerPort": 27017
                  }
                ],
                "env": [
                  {
                    "name": "MONGODB_USER",
                    "value": "${DATABASE_USER}"
                  },
                  {
                    "name": "MONGODB_PASSWORD",
                    "value": "${DATABASE_PASSWORD}"
                  },
                  {
                    "name": "MONGODB_DATABASE",
                    "value": "${DATABASE_NAME}"
                  },
                  {
                    "name": "MONGODB_ADMIN_PASSWORD",
                    "value": "${DATABASE_ADMIN_PASSWORD}"
                  }
                ]
              }
            ]
          }
        }
      }
    }
  ],
  "parameters": [
    {
      "name": "SOURCE_REPOSITORY_URL",
      "description": "The URL of the repository with your application source code",
      "value": "https://github.com/openshift/nodejs-ex.git"
    },
    {
      "name": "SOURCE_REPOSITORY_REF",
      "description": "Set this to a branch name, tag or other ref of your repository if you are not using the default branch"
    },
    {
      "name": "CONTEXT_DIR",
      "description": "Set this to the relative path to your project if it is not in the root of your repository"
    },
    {
      "name": "APPLICATION_DOMAIN",
      "description": "The exposed hostname that will route to the Node.js service, if left blank a value will be defaulted.",
      "value": ""
    },
    {
      "name": "GITHUB_WEBHOOK_SECRET",
      "description": "A secret string used to configure the GitHub webhook",
      "generate": "expression",
      "from": "[a-zA-Z0-9]{40}"
    },
    {
      "name": "GENERIC_WEBHOOK_SECRET",
      "description": "A secret string used to configure the Generic webhook",
      "generate": "expression",
      "from": "[a-zA-Z0-9]{40}"
    },
    {
      "name": "DATABASE_SERVICE_NAME",
      "description": "Database service name",
      "value": "mongodb"
    },
    {
      "name": "DATABASE_USER",
      "description": "Username for MongoDB user that will be used for accessing the database",
      "generate": "expression",
      "from": "user[A-Z0-9]{3}"
    },
    {
      "name": "DATABASE_PASSWORD",
      "description": "Password for the MongoDB user",
      "generate": "expression",
      "from": "[a-zA-Z0-9]{16}"
    },
    {
      "name": "DATABASE_NAME",
      "description": "Database name",
      "value": "sampledb"
    },
    {
      "name": "DATABASE_ADMIN_PASSWORD",
      "description": "Password for the database admin user",
      "generate": "expression",
      "from": "[a-zA-Z0-9]{16}"
    }
  ]
}
